logo	Logo del seminario	45.00	54.60	322.50	61.61	0		
foto	Retrato · Gil Zussman	54.00	280.69	66.00	66.00	0		
foto	Retrato · Jinfeng Du	54.00	357.19	66.00	66.00	0		
foto	Retrato · Reinaldo A. Valenzuela	54.00	433.69	66.00	66.00	0		
foto	Retrato · Gustavo A. Siles Soria	54.00	510.19	66.00	66.00	0		
foto	Retrato · Giorgio Siringo	54.00	650.06	66.00	66.00	0		
foto	Retrato · Rodolfo Feick	54.00	726.56	66.00	66.00	0		
foto	Retrato · Miguel Gutiérrez Gaitán	54.00	803.06	66.00	66.00	0		
foto	Retrato · Karel Toledo de la Garza	54.00	879.56	66.00	66.00	0		
figura	Figura	104.39	186.89	861.00	672.00	0		
texto	21–22 OCT 2026	529.20	54.00	226.80	33.75	1	derecha	21–22 OCT 2026
texto	bcsensing.org	529.20	87.75	226.80	29.06	1	derecha	bcsensing.org
texto	Speakers	54.00	143.81	702.00	63.00	1	izquierda	Speakers
texto	INTERNATIONAL	54.00	233.81	702.00	34.88	1	izquierda	INTERNATIONAL
texto	Gil Zussman	138.00	282.04	211.16	34.50	1	izquierda	Gil Zussman
texto	Columbia University	138.00	316.54	211.16	28.79	1	izquierda	Columbia University
texto	Jinfeng Du	138.00	358.54	163.99	34.50	1	izquierda	Jinfeng Du
texto	Nokia Bell Labs	138.00	393.04	163.99	28.79	1	izquierda	Nokia Bell Labs
texto	Reinaldo A. Valenzuela	138.00	435.04	315.79	34.50	1	izquierda	Reinaldo A. Valenzuela
texto	Nokia Bell Labs	138.00	469.54	315.79	28.79	1	izquierda	Nokia Bell Labs
texto	Gustavo A. Siles Soria	138.00	511.54	304.90	34.50	1	izquierda	Gustavo A. Siles Soria
texto	UPB	138.00	546.04	304.90	28.79	1	izquierda	UPB
texto	BASED IN CHILE	54.00	603.19	702.00	34.88	1	izquierda	BASED IN CHILE
texto	Giorgio Siringo	138.00	651.41	208.17	34.50	1	izquierda	Giorgio Siringo
texto	ALMA	138.00	685.91	208.17	28.79	1	izquierda	ALMA
texto	Rodolfo Feick	138.00	727.91	189.13	34.50	1	izquierda	Rodolfo Feick
texto	CCTVal, UTFSM	138.00	762.41	189.13	28.79	1	izquierda	CCTVal, UTFSM
texto	Miguel Gutiérrez Gaitán	138.00	804.41	329.34	34.50	1	izquierda	Miguel Gutiérrez Gaitán
texto	PUC	138.00	838.91	329.34	28.79	1	izquierda	PUC
texto	Karel Toledo de la Garza	138.00	880.91	340.00	34.50	1	izquierda	Karel Toledo de la Garza
texto	USACH	138.00	915.41	340.00	28.79	1	izquierda	USACH
