logo	Logo PUCV	54.00	798.38	106.50	54.00	0		
logo	Logo EIE	187.50	798.38	141.75	54.00	0		
logo	Logo CYTED	552.67	787.50	75.75	75.75	0		
logo	Logo ANID	655.42	798.38	100.58	54.00	0		
logo	Logo del seminario	39.75	97.88	300.00	100.61	0		
qr	QR de inscripción	591.00	413.55	165.00	165.00	0		
figura	Figura	104.39	-165.60	861.00	672.00	0		
texto	INTERNATIONAL SEMINAR	54.00	54.00	702.00	34.88	1	izquierda	INTERNATIONAL SEMINAR
texto	in mmWave and Sub-THz Bands	54.00	204.48	702.00	42.89	1	izquierda	in mmWave and Sub-THz Bands
texto	21–22 OCT 2026	54.00	265.37	702.00	48.00	1	izquierda	21–22 OCT 2026
texto	Auditorium, PUCV Santiago Campus, Chile	54.00	325.37	702.00	32.39	1	izquierda	Auditorium, PUCV Santiago Campus, Chile
texto	Organised by: Mauricio Rodríguez, PhD	54.00	366.76	702.00	28.79	1	izquierda	Organised by: Mauricio Rodríguez, PhD
texto	SPEAKERS	54.00	413.55	263.50	34.88	1	izquierda	SPEAKERS
texto	Gil Zussman	54.00	452.93	263.50	25.57	1	izquierda	Gil Zussman
texto	Jinfeng Du	54.00	478.50	263.50	25.57	1	izquierda	Jinfeng Du
texto	Reinaldo A. Valenzuela	54.00	504.07	263.50	25.57	1	izquierda	Reinaldo A. Valenzuela
texto	Gustavo A. Siles Soria	54.00	529.64	263.50	25.57	1	izquierda	Gustavo A. Siles Soria
texto	Giorgio Siringo	54.00	555.21	263.50	25.57	1	izquierda	Giorgio Siringo
texto	Rodolfo Feick	54.00	580.78	263.50	25.57	1	izquierda	Rodolfo Feick
texto	Miguel Gutiérrez Gaitán	54.00	606.35	263.50	25.57	1	izquierda	Miguel Gutiérrez Gaitán
texto	Karel Toledo de la Garza	54.00	631.92	263.50	25.57	1	izquierda	Karel Toledo de la Garza
texto	REGISTRATION FORM	501.00	587.55	255.00	63.94	2	derecha	REGISTRATION FORM
texto	Register at bcsensing.org	54.00	666.49	702.00	30.00	1	izquierda	Register at bcsensing.org
texto	ORGANISED BY	54.00	746.63	275.25	34.88	1	izquierda	ORGANISED BY
texto	FUNDED BY	552.67	746.63	203.33	34.88	1	derecha	FUNDED BY
texto	Financiado por la Agencia Nacional de I…	54.00	875.25	702.00	116.25	4	izquierda	Financiado por la Agencia Nacional de Investigación y Desarrollo, ANID / Concurso de Fomento a la Vinculación Internacional para Instituciones de Investigación 2025 · FOVI250222.\nCYTED 525RT0175 · DISeCom.
