logo	Logo PUCV	54.00	868.07	94.51	48.00	0		
logo	Logo EIE	172.51	868.07	126.00	48.00	0		
logo	Logo CYTED	403.34	858.32	67.50	67.50	0		
logo	Logo APS	494.84	872.57	147.75	39.00	0		
logo	Logo ANID	666.59	868.07	89.41	48.00	0		
logo	Logo del seminario	45.00	54.60	322.50	61.61	0		
foto	Retrato · Gil Zussman	54.00	277.69	123.00	123.00	0		
foto	Retrato · Jinfeng Du	234.00	277.69	123.00	123.00	0		
foto	Retrato · Reinaldo A. Valenzuela	414.00	277.69	123.00	123.00	0		
foto	Retrato · Gustavo A. Siles Soria	594.00	277.69	123.00	123.00	0		
foto	Retrato · Giorgio Siringo	54.00	568.91	123.00	123.00	0		
foto	Retrato · Rodolfo Feick	234.00	568.91	123.00	123.00	0		
foto	Retrato · Miguel Gutiérrez Gaitán	414.00	568.91	123.00	123.00	0		
foto	Retrato · Karel Toledo de la Garza	594.00	568.91	123.00	123.00	0		
figura	Figura	104.39	186.89	861.00	672.00	0		
texto	21–22 OCT 2026	529.20	54.00	226.80	33.75	1	derecha	21–22 OCT 2026
texto	bcsensing.org	529.20	87.75	226.80	29.06	1	derecha	bcsensing.org
texto	Expositores	54.00	143.81	702.00	63.00	1	izquierda	Expositores
texto	INTERNACIONALES	54.00	230.81	702.00	34.88	1	izquierda	INTERNACIONALES
texto	Gil Zussman	54.00	411.19	162.00	28.56	1	izquierda	Gil Zussman
texto	Columbia University	54.00	442.75	162.00	53.46	2	izquierda	Columbia University
texto	Jinfeng Du	234.00	411.19	162.00	28.56	1	izquierda	Jinfeng Du
texto	Nokia Bell Labs	234.00	442.75	162.00	26.73	1	izquierda	Nokia Bell Labs
texto	Reinaldo A. Valenzuela	414.00	411.19	162.00	57.12	2	izquierda	Reinaldo A. Valenzuela
texto	Nokia Bell Labs	414.00	471.30	162.00	26.73	1	izquierda	Nokia Bell Labs
texto	Gustavo A. Siles Soria	594.00	411.19	162.00	57.12	2	izquierda	Gustavo A. Siles Soria
texto	UPB	594.00	471.30	162.00	26.73	1	izquierda	UPB
texto	NACIONALES	54.00	522.04	702.00	34.88	1	izquierda	NACIONALES
texto	Giorgio Siringo	54.00	702.41	162.00	57.12	2	izquierda	Giorgio Siringo
texto	ALMA	54.00	762.53	162.00	26.73	1	izquierda	ALMA
texto	Rodolfo Feick	234.00	702.41	162.00	28.56	1	izquierda	Rodolfo Feick
texto	CCTVal, UTFSM	234.00	733.97	162.00	26.73	1	izquierda	CCTVal, UTFSM
texto	Miguel Gutiérrez Gaitán	414.00	702.41	162.00	85.68	3	izquierda	Miguel Gutiérrez Gaitán
texto	PUC	414.00	791.09	162.00	26.73	1	izquierda	PUC
texto	Karel Toledo de la Garza	594.00	702.41	162.00	57.12	2	izquierda	Karel Toledo de la Garza
texto	USACH	594.00	762.53	162.00	26.73	1	izquierda	USACH
texto	Este trabajo fue financiado por ANID FO…	54.00	936.32	702.00	58.50	3	izquierda	Este trabajo fue financiado por ANID FONDECYT 1250951 y 11261397, ANID CCTVal CIA250027, ANID Vinculación Internacional FOVI250222 y el Programa Iberoamericano de Ciencia y Tecnología para el Desarrollo - CYTED (525RT0175-DISeCom).
